1100002;Hotel 1;Standart Room+10 nights+AI;quote;10000RUB
1110032;Hotel 2;Standart Room+7 nights+BB;quote;120000RUB
1110032;Hotel 2;King Room+7 nights+BB;request;150000RUB
1100002;Hotel 1;Standart Room+10 nights+AI;quote;10000RUB
1110032;Hotel 2;Standart Room+7 nights+BB;quote;120000RUB
1110032;Hotel 2;King Room+7 nights+BB;request;150000RUB
1100002;Hotel 1;Standart Room+10 nights+AI;quote;10000RUB
1110032;Hotel 2;Standart Room+7 nights+BB;quote;120000RUB
1110032;Hotel 2;King Room+7 nights+BB;request;150000RUB
1100002;Hotel 1;Standart Room+10 nights+AI;quote;10000RUB
1110032;Hotel 2;Standart Room+7 nights+BB;quote;120000RUB
1110032;Hotel 2;King Room+7 nights+BB;request;150000RUB
1110033;Hotel 3;King Room+7 nights+BB;request;150001RUB
1110034;Hotel 4;King Room+7 nights+BB;request;150002RUB
1110035;Hotel 5;King Room+7 nights+BB;request;150003RUB
1110036;Hotel 6;King Room+7 nights+BB;request;150004RUB
1110037;Hotel 7;King Room+7 nights+BB;request;150005RUB
1110038;Hotel 8;King Room+7 nights+BB;request;150006RUB
1110039;Hotel 9;King Room+7 nights+BB;request;150007RUB
1110040;Hotel 10;King Room+7 nights+BB;request;150008RUB
1110041;Hotel 11;King Room+7 nights+BB;request;150009RUB
1110042;Hotel 12;King Room+7 nights+BB;request;150010RUB
1110043;Hotel 13;King Room+7 nights+BB;request;150011RUB
1110044;Hotel 14;King Room+7 nights+BB;request;150012RUB
1110045;Hotel 15;King Room+7 nights+BB;request;150013RUB
1110046;Hotel 16;King Room+7 nights+BB;request;150014RUB
1110047;Hotel 17;King Room+7 nights+BB;request;150015RUB
1110048;Hotel 18;King Room+7 nights+BB;request;150016RUB
1110049;Hotel 19;King Room+7 nights+BB;request;150017RUB
1110050;Hotel 20;King Room+7 nights+BB;request;150018RUB
1110051;Hotel 21;King Room+7 nights+BB;request;150019RUB
1110052;Hotel 22;King Room+7 nights+BB;request;150020RUB
1110053;Hotel 23;King Room+7 nights+BB;request;150021RUB
1110054;Hotel 24;King Room+7 nights+BB;request;150022RUB
1110055;Hotel 25;King Room+7 nights+BB;request;150023RUB
1110056;Hotel 26;King Room+7 nights+BB;request;150024RUB
1110057;Hotel 27;King Room+7 nights+BB;request;150025RUB
1110058;Hotel 28;King Room+7 nights+BB;request;150026RUB
1110059;Hotel 29;King Room+7 nights+BB;request;150027RUB
1110060;Hotel 30;King Room+7 nights+BB;request;150028RUB
1110061;Hotel 31;King Room+7 nights+BB;request;150029RUB
1110062;Hotel 32;King Room+7 nights+BB;request;150030RUB
1110063;Hotel 33;King Room+7 nights+BB;request;150031RUB
1110064;Hotel 34;King Room+7 nights+BB;request;150032RUB
1110065;Hotel 35;King Room+7 nights+BB;request;150033RUB
1110066;Hotel 36;King Room+7 nights+BB;request;150034RUB
1110067;Hotel 37;King Room+7 nights+BB;request;150035RUB
1110068;Hotel 38;King Room+7 nights+BB;request;150036RUB
1110069;Hotel 39;King Room+7 nights+BB;request;150037RUB
1110070;Hotel 40;King Room+7 nights+BB;request;150038RUB
1110071;Hotel 41;King Room+7 nights+BB;request;150039RUB
1110072;Hotel 42;King Room+7 nights+BB;request;150040RUB
1110073;Hotel 43;King Room+7 nights+BB;request;150041RUB
1110074;Hotel 44;King Room+7 nights+BB;request;150042RUB
1110075;Hotel 45;King Room+7 nights+BB;request;150043RUB
1110076;Hotel 46;King Room+7 nights+BB;request;150044RUB
1110077;Hotel 47;King Room+7 nights+BB;request;150045RUB
1110078;Hotel 48;King Room+7 nights+BB;request;150046RUB
1110079;Hotel 49;King Room+7 nights+BB;request;150047RUB
1110080;Hotel 50;King Room+7 nights+BB;request;150048RUB
1110081;Hotel 51;King Room+7 nights+BB;request;150049RUB
1110082;Hotel 52;King Room+7 nights+BB;request;150050RUB
1110083;Hotel 53;King Room+7 nights+BB;request;150051RUB
1110084;Hotel 54;King Room+7 nights+BB;request;150052RUB
1110085;Hotel 55;King Room+7 nights+BB;request;150053RUB
1110086;Hotel 56;King Room+7 nights+BB;request;150054RUB
1110087;Hotel 57;King Room+7 nights+BB;request;150055RUB
1110088;Hotel 58;King Room+7 nights+BB;request;150056RUB
1110089;Hotel 59;King Room+7 nights+BB;request;150057RUB
1110090;Hotel 60;King Room+7 nights+BB;request;150058RUB
1110091;Hotel 61;King Room+7 nights+BB;request;150059RUB
1110092;Hotel 62;King Room+7 nights+BB;request;150060RUB
1110093;Hotel 63;King Room+7 nights+BB;request;150061RUB
1110094;Hotel 64;King Room+7 nights+BB;request;150062RUB
1110095;Hotel 65;King Room+7 nights+BB;request;150063RUB
1110096;Hotel 66;King Room+7 nights+BB;request;150064RUB
1110097;Hotel 67;King Room+7 nights+BB;request;150065RUB
1110098;Hotel 68;King Room+7 nights+BB;request;150066RUB
1110099;Hotel 69;King Room+7 nights+BB;request;150067RUB
1110100;Hotel 70;King Room+7 nights+BB;request;150068RUB
1110101;Hotel 71;King Room+7 nights+BB;request;150069RUB
1110102;Hotel 72;King Room+7 nights+BB;request;150070RUB
1110103;Hotel 73;King Room+7 nights+BB;request;150071RUB
1110104;Hotel 74;King Room+7 nights+BB;request;150072RUB
1110105;Hotel 75;King Room+7 nights+BB;request;150073RUB
1110106;Hotel 76;King Room+7 nights+BB;request;150074RUB
1110107;Hotel 77;King Room+7 nights+BB;request;150075RUB
1110108;Hotel 78;King Room+7 nights+BB;request;150076RUB
1110109;Hotel 79;King Room+7 nights+BB;request;150077RUB
1110110;Hotel 80;King Room+7 nights+BB;request;150078RUB
1110111;Hotel 81;King Room+7 nights+BB;request;150079RUB
1110112;Hotel 82;King Room+7 nights+BB;request;150080RUB
1110113;Hotel 83;King Room+7 nights+BB;request;150081RUB
1110114;Hotel 84;King Room+7 nights+BB;request;150082RUB
1110115;Hotel 85;King Room+7 nights+BB;request;150083RUB
1110116;Hotel 86;King Room+7 nights+BB;request;150084RUB
1110117;Hotel 87;King Room+7 nights+BB;request;150085RUB
1110118;Hotel 88;King Room+7 nights+BB;request;150086RUB
1110119;Hotel 89;King Room+7 nights+BB;request;150087RUB
1110120;Hotel 90;King Room+7 nights+BB;request;150088RUB
1110121;Hotel 91;King Room+7 nights+BB;request;150089RUB
1110122;Hotel 92;King Room+7 nights+BB;request;150090RUB
1110123;Hotel 93;King Room+7 nights+BB;request;150091RUB
1110124;Hotel 94;King Room+7 nights+BB;request;150092RUB
1110125;Hotel 95;King Room+7 nights+BB;request;150093RUB
1110126;Hotel 96;King Room+7 nights+BB;request;150094RUB
1110127;Hotel 97;King Room+7 nights+BB;request;150095RUB
1110128;Hotel 98;King Room+7 nights+BB;request;150096RUB
1110129;Hotel 99;King Room+7 nights+BB;request;150097RUB
1110130;Hotel 100;King Room+7 nights+BB;request;150098RUB
1110131;Hotel 101;King Room+7 nights+BB;request;150099RUB
1110132;Hotel 102;King Room+7 nights+BB;request;150100RUB
1110133;Hotel 103;King Room+7 nights+BB;request;150101RUB
1110134;Hotel 104;King Room+7 nights+BB;request;150102RUB
1110135;Hotel 105;King Room+7 nights+BB;request;150103RUB
1110136;Hotel 106;King Room+7 nights+BB;request;150104RUB
1110137;Hotel 107;King Room+7 nights+BB;request;150105RUB
1110138;Hotel 108;King Room+7 nights+BB;request;150106RUB
1110139;Hotel 109;King Room+7 nights+BB;request;150107RUB
1110140;Hotel 110;King Room+7 nights+BB;request;150108RUB
1110141;Hotel 111;King Room+7 nights+BB;request;150109RUB
1110142;Hotel 112;King Room+7 nights+BB;request;150110RUB
1110143;Hotel 113;King Room+7 nights+BB;request;150111RUB
1110144;Hotel 114;King Room+7 nights+BB;request;150112RUB
1110145;Hotel 115;King Room+7 nights+BB;request;150113RUB
1110146;Hotel 116;King Room+7 nights+BB;request;150114RUB
1110147;Hotel 117;King Room+7 nights+BB;request;150115RUB
1110148;Hotel 118;King Room+7 nights+BB;request;150116RUB
1110149;Hotel 119;King Room+7 nights+BB;request;150117RUB
1110150;Hotel 120;King Room+7 nights+BB;request;150118RUB
1110151;Hotel 121;King Room+7 nights+BB;request;150119RUB
1110152;Hotel 122;King Room+7 nights+BB;request;150120RUB
1110153;Hotel 123;King Room+7 nights+BB;request;150121RUB
1110154;Hotel 124;King Room+7 nights+BB;request;150122RUB
1110155;Hotel 125;King Room+7 nights+BB;request;150123RUB
1110156;Hotel 126;King Room+7 nights+BB;request;150124RUB
1110157;Hotel 127;King Room+7 nights+BB;request;150125RUB
1110158;Hotel 128;King Room+7 nights+BB;request;150126RUB
1110159;Hotel 129;King Room+7 nights+BB;request;150127RUB
1110160;Hotel 130;King Room+7 nights+BB;request;150128RUB
1110161;Hotel 131;King Room+7 nights+BB;request;150129RUB
1110162;Hotel 132;King Room+7 nights+BB;request;150130RUB
1110163;Hotel 133;King Room+7 nights+BB;request;150131RUB
1110164;Hotel 134;King Room+7 nights+BB;request;150132RUB
1110165;Hotel 135;King Room+7 nights+BB;request;150133RUB
1110166;Hotel 136;King Room+7 nights+BB;request;150134RUB
1110167;Hotel 137;King Room+7 nights+BB;request;150135RUB
1110168;Hotel 138;King Room+7 nights+BB;request;150136RUB
1110169;Hotel 139;King Room+7 nights+BB;request;150137RUB
1110170;Hotel 140;King Room+7 nights+BB;request;150138RUB
1110171;Hotel 141;King Room+7 nights+BB;request;150139RUB
1110172;Hotel 142;King Room+7 nights+BB;request;150140RUB
1110173;Hotel 143;King Room+7 nights+BB;request;150141RUB
1110174;Hotel 144;King Room+7 nights+BB;request;150142RUB
1110175;Hotel 145;King Room+7 nights+BB;request;150143RUB
1110176;Hotel 146;King Room+7 nights+BB;request;150144RUB
1110177;Hotel 147;King Room+7 nights+BB;request;150145RUB
1110178;Hotel 148;King Room+7 nights+BB;request;150146RUB
1110179;Hotel 149;King Room+7 nights+BB;request;150147RUB
1110180;Hotel 150;King Room+7 nights+BB;request;150148RUB
1110181;Hotel 151;King Room+7 nights+BB;request;150149RUB
1110182;Hotel 152;King Room+7 nights+BB;request;150150RUB
1110183;Hotel 153;King Room+7 nights+BB;request;150151RUB
1110184;Hotel 154;King Room+7 nights+BB;request;150152RUB
1110185;Hotel 155;King Room+7 nights+BB;request;150153RUB
1110186;Hotel 156;King Room+7 nights+BB;request;150154RUB
1110187;Hotel 157;King Room+7 nights+BB;request;150155RUB
1110188;Hotel 158;King Room+7 nights+BB;request;150156RUB
1110189;Hotel 159;King Room+7 nights+BB;request;150157RUB
1110190;Hotel 160;King Room+7 nights+BB;request;150158RUB
1110191;Hotel 161;King Room+7 nights+BB;request;150159RUB
1110192;Hotel 162;King Room+7 nights+BB;request;150160RUB
1110193;Hotel 163;King Room+7 nights+BB;request;150161RUB
1110194;Hotel 164;King Room+7 nights+BB;request;150162RUB
1110195;Hotel 165;King Room+7 nights+BB;request;150163RUB
1110196;Hotel 166;King Room+7 nights+BB;request;150164RUB
1110197;Hotel 167;King Room+7 nights+BB;request;150165RUB
1110198;Hotel 168;King Room+7 nights+BB;request;150166RUB
1110199;Hotel 169;King Room+7 nights+BB;request;150167RUB
1110200;Hotel 170;King Room+7 nights+BB;request;150168RUB
1110201;Hotel 171;King Room+7 nights+BB;request;150169RUB
1110202;Hotel 172;King Room+7 nights+BB;request;150170RUB
1110203;Hotel 173;King Room+7 nights+BB;request;150171RUB
1110204;Hotel 174;King Room+7 nights+BB;request;150172RUB
1110205;Hotel 175;King Room+7 nights+BB;request;150173RUB
1110206;Hotel 176;King Room+7 nights+BB;request;150174RUB
1110207;Hotel 177;King Room+7 nights+BB;request;150175RUB
1110208;Hotel 178;King Room+7 nights+BB;request;150176RUB
1110209;Hotel 179;King Room+7 nights+BB;request;150177RUB
1110210;Hotel 180;King Room+7 nights+BB;request;150178RUB
1110211;Hotel 181;King Room+7 nights+BB;request;150179RUB
1110212;Hotel 182;King Room+7 nights+BB;request;150180RUB
1110213;Hotel 183;King Room+7 nights+BB;request;150181RUB
1110214;Hotel 184;King Room+7 nights+BB;request;150182RUB
1110215;Hotel 185;King Room+7 nights+BB;request;150183RUB
1110216;Hotel 186;King Room+7 nights+BB;request;150184RUB
1110217;Hotel 187;King Room+7 nights+BB;request;150185RUB
1110218;Hotel 188;King Room+7 nights+BB;request;150186RUB
1110219;Hotel 189;King Room+7 nights+BB;request;150187RUB
1110220;Hotel 190;King Room+7 nights+BB;request;150188RUB
1110221;Hotel 191;King Room+7 nights+BB;request;150189RUB
1110222;Hotel 192;King Room+7 nights+BB;request;150190RUB
1110223;Hotel 193;King Room+7 nights+BB;request;150191RUB
1110224;Hotel 194;King Room+7 nights+BB;request;150192RUB
1110225;Hotel 195;King Room+7 nights+BB;request;150193RUB
1110226;Hotel 196;King Room+7 nights+BB;request;150194RUB
1110227;Hotel 197;King Room+7 nights+BB;request;150195RUB
1110228;Hotel 198;King Room+7 nights+BB;request;150196RUB
1110229;Hotel 199;King Room+7 nights+BB;request;150197RUB
1110230;Hotel 200;King Room+7 nights+BB;request;150198RUB
1110231;Hotel 201;King Room+7 nights+BB;request;150199RUB
1110232;Hotel 202;King Room+7 nights+BB;request;150200RUB
1110233;Hotel 203;King Room+7 nights+BB;request;150201RUB
1110234;Hotel 204;King Room+7 nights+BB;request;150202RUB
1110235;Hotel 205;King Room+7 nights+BB;request;150203RUB
1110236;Hotel 206;King Room+7 nights+BB;request;150204RUB
1110237;Hotel 207;King Room+7 nights+BB;request;150205RUB
1110238;Hotel 208;King Room+7 nights+BB;request;150206RUB
1110239;Hotel 209;King Room+7 nights+BB;request;150207RUB
1110240;Hotel 210;King Room+7 nights+BB;request;150208RUB
1110241;Hotel 211;King Room+7 nights+BB;request;150209RUB
1110242;Hotel 212;King Room+7 nights+BB;request;150210RUB
1110243;Hotel 213;King Room+7 nights+BB;request;150211RUB
1110244;Hotel 214;King Room+7 nights+BB;request;150212RUB
1110245;Hotel 215;King Room+7 nights+BB;request;150213RUB
1110246;Hotel 216;King Room+7 nights+BB;request;150214RUB
1110247;Hotel 217;King Room+7 nights+BB;request;150215RUB
1110248;Hotel 218;King Room+7 nights+BB;request;150216RUB
1110249;Hotel 219;King Room+7 nights+BB;request;150217RUB
1110250;Hotel 220;King Room+7 nights+BB;request;150218RUB
1110251;Hotel 221;King Room+7 nights+BB;request;150219RUB
1110252;Hotel 222;King Room+7 nights+BB;request;150220RUB
1110253;Hotel 223;King Room+7 nights+BB;request;150221RUB
1110254;Hotel 224;King Room+7 nights+BB;request;150222RUB
1110255;Hotel 225;King Room+7 nights+BB;request;150223RUB
1110256;Hotel 226;King Room+7 nights+BB;request;150224RUB
1110257;Hotel 227;King Room+7 nights+BB;request;150225RUB
1110258;Hotel 228;King Room+7 nights+BB;request;150226RUB
1110259;Hotel 229;King Room+7 nights+BB;request;150227RUB
1110260;Hotel 230;King Room+7 nights+BB;request;150228RUB
1110261;Hotel 231;King Room+7 nights+BB;request;150229RUB
1110262;Hotel 232;King Room+7 nights+BB;request;150230RUB
1110263;Hotel 233;King Room+7 nights+BB;request;150231RUB
1110264;Hotel 234;King Room+7 nights+BB;request;150232RUB
1110265;Hotel 235;King Room+7 nights+BB;request;150233RUB
1110266;Hotel 236;King Room+7 nights+BB;request;150234RUB
1110267;Hotel 237;King Room+7 nights+BB;request;150235RUB
1110268;Hotel 238;King Room+7 nights+BB;request;150236RUB
1110269;Hotel 239;King Room+7 nights+BB;request;150237RUB
1110270;Hotel 240;King Room+7 nights+BB;request;150238RUB
1110271;Hotel 241;King Room+7 nights+BB;request;150239RUB
1110272;Hotel 242;King Room+7 nights+BB;request;150240RUB
1110273;Hotel 243;King Room+7 nights+BB;request;150241RUB
1110274;Hotel 244;King Room+7 nights+BB;request;150242RUB
1110275;Hotel 245;King Room+7 nights+BB;request;150243RUB
1110276;Hotel 246;King Room+7 nights+BB;request;150244RUB
1110277;Hotel 247;King Room+7 nights+BB;request;150245RUB
1110278;Hotel 248;King Room+7 nights+BB;request;150246RUB
1110279;Hotel 249;King Room+7 nights+BB;request;150247RUB
1110280;Hotel 250;King Room+7 nights+BB;request;150248RUB
1110281;Hotel 251;King Room+7 nights+BB;request;150249RUB
1110282;Hotel 252;King Room+7 nights+BB;request;150250RUB
1110283;Hotel 253;King Room+7 nights+BB;request;150251RUB
1110284;Hotel 254;King Room+7 nights+BB;request;150252RUB
1110285;Hotel 255;King Room+7 nights+BB;request;150253RUB
1110286;Hotel 256;King Room+7 nights+BB;request;150254RUB
1110287;Hotel 257;King Room+7 nights+BB;request;150255RUB
1110288;Hotel 258;King Room+7 nights+BB;request;150256RUB
1110289;Hotel 259;King Room+7 nights+BB;request;150257RUB
1110290;Hotel 260;King Room+7 nights+BB;request;150258RUB
1110291;Hotel 261;King Room+7 nights+BB;request;150259RUB
1110292;Hotel 262;King Room+7 nights+BB;request;150260RUB
1110293;Hotel 263;King Room+7 nights+BB;request;150261RUB
1110294;Hotel 264;King Room+7 nights+BB;request;150262RUB
1110295;Hotel 265;King Room+7 nights+BB;request;150263RUB
1110296;Hotel 266;King Room+7 nights+BB;request;150264RUB
1110297;Hotel 267;King Room+7 nights+BB;request;150265RUB
1110298;Hotel 268;King Room+7 nights+BB;request;150266RUB
1110299;Hotel 269;King Room+7 nights+BB;request;150267RUB
1110300;Hotel 270;King Room+7 nights+BB;request;150268RUB
1110301;Hotel 271;King Room+7 nights+BB;request;150269RUB
1110302;Hotel 272;King Room+7 nights+BB;request;150270RUB
1110303;Hotel 273;King Room+7 nights+BB;request;150271RUB
1110304;Hotel 274;King Room+7 nights+BB;request;150272RUB
1110305;Hotel 275;King Room+7 nights+BB;request;150273RUB
1110306;Hotel 276;King Room+7 nights+BB;request;150274RUB
1110307;Hotel 277;King Room+7 nights+BB;request;150275RUB
1110308;Hotel 278;King Room+7 nights+BB;request;150276RUB
1110309;Hotel 279;King Room+7 nights+BB;request;150277RUB
1110310;Hotel 280;King Room+7 nights+BB;request;150278RUB
1110311;Hotel 281;King Room+7 nights+BB;request;150279RUB
1110312;Hotel 282;King Room+7 nights+BB;request;150280RUB
1110313;Hotel 283;King Room+7 nights+BB;request;150281RUB
1110314;Hotel 284;King Room+7 nights+BB;request;150282RUB
1110315;Hotel 285;King Room+7 nights+BB;request;150283RUB
1110316;Hotel 286;King Room+7 nights+BB;request;150284RUB
1110317;Hotel 287;King Room+7 nights+BB;request;150285RUB
1110318;Hotel 288;King Room+7 nights+BB;request;150286RUB
1110319;Hotel 289;King Room+7 nights+BB;request;150287RUB
1110320;Hotel 290;King Room+7 nights+BB;request;150288RUB
1110321;Hotel 291;King Room+7 nights+BB;request;150289RUB
1110322;Hotel 292;King Room+7 nights+BB;request;150290RUB
1110323;Hotel 293;King Room+7 nights+BB;request;150291RUB
1110324;Hotel 294;King Room+7 nights+BB;request;150292RUB
1110325;Hotel 295;King Room+7 nights+BB;request;150293RUB
1110326;Hotel 296;King Room+7 nights+BB;request;150294RUB
1110327;Hotel 297;King Room+7 nights+BB;request;150295RUB
1110328;Hotel 298;King Room+7 nights+BB;request;150296RUB
1110329;Hotel 299;King Room+7 nights+BB;request;150297RUB
1110330;Hotel 300;King Room+7 nights+BB;request;150298RUB
1110331;Hotel 301;King Room+7 nights+BB;request;150299RUB
1110332;Hotel 302;King Room+7 nights+BB;request;150300RUB
1110333;Hotel 303;King Room+7 nights+BB;request;150301RUB
1110334;Hotel 304;King Room+7 nights+BB;request;150302RUB
1110335;Hotel 305;King Room+7 nights+BB;request;150303RUB
1110336;Hotel 306;King Room+7 nights+BB;request;150304RUB
1110337;Hotel 307;King Room+7 nights+BB;request;150305RUB
1110338;Hotel 308;King Room+7 nights+BB;request;150306RUB
1110339;Hotel 309;King Room+7 nights+BB;request;150307RUB
1110340;Hotel 310;King Room+7 nights+BB;request;150308RUB
1110341;Hotel 311;King Room+7 nights+BB;request;150309RUB
1110342;Hotel 312;King Room+7 nights+BB;request;150310RUB
1110343;Hotel 313;King Room+7 nights+BB;request;150311RUB
1110344;Hotel 314;King Room+7 nights+BB;request;150312RUB
1110345;Hotel 315;King Room+7 nights+BB;request;150313RUB
1110346;Hotel 316;King Room+7 nights+BB;request;150314RUB
1110347;Hotel 317;King Room+7 nights+BB;request;150315RUB
1110348;Hotel 318;King Room+7 nights+BB;request;150316RUB
1110349;Hotel 319;King Room+7 nights+BB;request;150317RUB
1110350;Hotel 320;King Room+7 nights+BB;request;150318RUB
1110351;Hotel 321;King Room+7 nights+BB;request;150319RUB
1110352;Hotel 322;King Room+7 nights+BB;request;150320RUB
1110353;Hotel 323;King Room+7 nights+BB;request;150321RUB
1110354;Hotel 324;King Room+7 nights+BB;request;150322RUB
1110355;Hotel 325;King Room+7 nights+BB;request;150323RUB
1110356;Hotel 326;King Room+7 nights+BB;request;150324RUB
1110357;Hotel 327;King Room+7 nights+BB;request;150325RUB
1110358;Hotel 328;King Room+7 nights+BB;request;150326RUB
1110359;Hotel 329;King Room+7 nights+BB;request;150327RUB
1110360;Hotel 330;King Room+7 nights+BB;request;150328RUB
1110361;Hotel 331;King Room+7 nights+BB;request;150329RUB
1110362;Hotel 332;King Room+7 nights+BB;request;150330RUB
1110363;Hotel 333;King Room+7 nights+BB;request;150331RUB
1110364;Hotel 334;King Room+7 nights+BB;request;150332RUB
1110365;Hotel 335;King Room+7 nights+BB;request;150333RUB
1110366;Hotel 336;King Room+7 nights+BB;request;150334RUB
1110367;Hotel 337;King Room+7 nights+BB;request;150335RUB
1110368;Hotel 338;King Room+7 nights+BB;request;150336RUB
1110369;Hotel 339;King Room+7 nights+BB;request;150337RUB
1110370;Hotel 340;King Room+7 nights+BB;request;150338RUB
1110371;Hotel 341;King Room+7 nights+BB;request;150339RUB
1110372;Hotel 342;King Room+7 nights+BB;request;150340RUB
1110373;Hotel 343;King Room+7 nights+BB;request;150341RUB
1110374;Hotel 344;King Room+7 nights+BB;request;150342RUB
1110375;Hotel 345;King Room+7 nights+BB;request;150343RUB
1110376;Hotel 346;King Room+7 nights+BB;request;150344RUB
1110377;Hotel 347;King Room+7 nights+BB;request;150345RUB
1110378;Hotel 348;King Room+7 nights+BB;request;150346RUB
1110379;Hotel 349;King Room+7 nights+BB;request;150347RUB
1110380;Hotel 350;King Room+7 nights+BB;request;150348RUB
1110381;Hotel 351;King Room+7 nights+BB;request;150349RUB
1110382;Hotel 352;King Room+7 nights+BB;request;150350RUB
1110383;Hotel 353;King Room+7 nights+BB;request;150351RUB
1110384;Hotel 354;King Room+7 nights+BB;request;150352RUB
1110385;Hotel 355;King Room+7 nights+BB;request;150353RUB
1110386;Hotel 356;King Room+7 nights+BB;request;150354RUB
1110387;Hotel 357;King Room+7 nights+BB;request;150355RUB
1110388;Hotel 358;King Room+7 nights+BB;request;150356RUB
1110389;Hotel 359;King Room+7 nights+BB;request;150357RUB
1110390;Hotel 360;King Room+7 nights+BB;request;150358RUB
1110391;Hotel 361;King Room+7 nights+BB;request;150359RUB
1110392;Hotel 362;King Room+7 nights+BB;request;150360RUB
1110393;Hotel 363;King Room+7 nights+BB;request;150361RUB
1110394;Hotel 364;King Room+7 nights+BB;request;150362RUB
1110395;Hotel 365;King Room+7 nights+BB;request;150363RUB
1110396;Hotel 366;King Room+7 nights+BB;request;150364RUB
1110397;Hotel 367;King Room+7 nights+BB;request;150365RUB
1110398;Hotel 368;King Room+7 nights+BB;request;150366RUB
1110399;Hotel 369;King Room+7 nights+BB;request;150367RUB
1110400;Hotel 370;King Room+7 nights+BB;request;150368RUB
1110401;Hotel 371;King Room+7 nights+BB;request;150369RUB
1110402;Hotel 372;King Room+7 nights+BB;request;150370RUB
1110403;Hotel 373;King Room+7 nights+BB;request;150371RUB
1110404;Hotel 374;King Room+7 nights+BB;request;150372RUB
1110405;Hotel 375;King Room+7 nights+BB;request;150373RUB
1110406;Hotel 376;King Room+7 nights+BB;request;150374RUB
1110407;Hotel 377;King Room+7 nights+BB;request;150375RUB
1110408;Hotel 378;King Room+7 nights+BB;request;150376RUB
1110409;Hotel 379;King Room+7 nights+BB;request;150377RUB
1110410;Hotel 380;King Room+7 nights+BB;request;150378RUB
1110411;Hotel 381;King Room+7 nights+BB;request;150379RUB
1110412;Hotel 382;King Room+7 nights+BB;request;150380RUB
1110413;Hotel 383;King Room+7 nights+BB;request;150381RUB
1110414;Hotel 384;King Room+7 nights+BB;request;150382RUB
1110415;Hotel 385;King Room+7 nights+BB;request;150383RUB
1110416;Hotel 386;King Room+7 nights+BB;request;150384RUB
1110417;Hotel 387;King Room+7 nights+BB;request;150385RUB
1110418;Hotel 388;King Room+7 nights+BB;request;150386RUB
1110419;Hotel 389;King Room+7 nights+BB;request;150387RUB
1110420;Hotel 390;King Room+7 nights+BB;request;150388RUB
1110421;Hotel 391;King Room+7 nights+BB;request;150389RUB
1110422;Hotel 392;King Room+7 nights+BB;request;150390RUB
1110423;Hotel 393;King Room+7 nights+BB;request;150391RUB
1110424;Hotel 394;King Room+7 nights+BB;request;150392RUB
1110425;Hotel 395;King Room+7 nights+BB;request;150393RUB
1110426;Hotel 396;King Room+7 nights+BB;request;150394RUB
1110427;Hotel 397;King Room+7 nights+BB;request;150395RUB
1110428;Hotel 398;King Room+7 nights+BB;request;150396RUB
1110429;Hotel 399;King Room+7 nights+BB;request;150397RUB
1110430;Hotel 400;King Room+7 nights+BB;request;150398RUB
1110431;Hotel 401;King Room+7 nights+BB;request;150399RUB
1110432;Hotel 402;King Room+7 nights+BB;request;150400RUB
1110433;Hotel 403;King Room+7 nights+BB;request;150401RUB
1110434;Hotel 404;King Room+7 nights+BB;request;150402RUB
1110435;Hotel 405;King Room+7 nights+BB;request;150403RUB
1110436;Hotel 406;King Room+7 nights+BB;request;150404RUB
1110437;Hotel 407;King Room+7 nights+BB;request;150405RUB
1110438;Hotel 408;King Room+7 nights+BB;request;150406RUB
1110439;Hotel 409;King Room+7 nights+BB;request;150407RUB
1110440;Hotel 410;King Room+7 nights+BB;request;150408RUB
1110441;Hotel 411;King Room+7 nights+BB;request;150409RUB
1110442;Hotel 412;King Room+7 nights+BB;request;150410RUB
1110443;Hotel 413;King Room+7 nights+BB;request;150411RUB
1110444;Hotel 414;King Room+7 nights+BB;request;150412RUB
1110445;Hotel 415;King Room+7 nights+BB;request;150413RUB
1110446;Hotel 416;King Room+7 nights+BB;request;150414RUB
1110447;Hotel 417;King Room+7 nights+BB;request;150415RUB
1110448;Hotel 418;King Room+7 nights+BB;request;150416RUB
1110449;Hotel 419;King Room+7 nights+BB;request;150417RUB
1110450;Hotel 420;King Room+7 nights+BB;request;150418RUB
1110451;Hotel 421;King Room+7 nights+BB;request;150419RUB
1110452;Hotel 422;King Room+7 nights+BB;request;150420RUB
1110453;Hotel 423;King Room+7 nights+BB;request;150421RUB
1110454;Hotel 424;King Room+7 nights+BB;request;150422RUB
1110455;Hotel 425;King Room+7 nights+BB;request;150423RUB
1110456;Hotel 426;King Room+7 nights+BB;request;150424RUB
1110457;Hotel 427;King Room+7 nights+BB;request;150425RUB
1110458;Hotel 428;King Room+7 nights+BB;request;150426RUB
1110459;Hotel 429;King Room+7 nights+BB;request;150427RUB
1110460;Hotel 430;King Room+7 nights+BB;request;150428RUB
1110461;Hotel 431;King Room+7 nights+BB;request;150429RUB
1110462;Hotel 432;King Room+7 nights+BB;request;150430RUB
1110463;Hotel 433;King Room+7 nights+BB;request;150431RUB
1110464;Hotel 434;King Room+7 nights+BB;request;150432RUB
1110465;Hotel 435;King Room+7 nights+BB;request;150433RUB
1110466;Hotel 436;King Room+7 nights+BB;request;150434RUB
1110467;Hotel 437;King Room+7 nights+BB;request;150435RUB
1110468;Hotel 438;King Room+7 nights+BB;request;150436RUB
1110469;Hotel 439;King Room+7 nights+BB;request;150437RUB
1110470;Hotel 440;King Room+7 nights+BB;request;150438RUB
1110471;Hotel 441;King Room+7 nights+BB;request;150439RUB
1110472;Hotel 442;King Room+7 nights+BB;request;150440RUB
1110473;Hotel 443;King Room+7 nights+BB;request;150441RUB
1110474;Hotel 444;King Room+7 nights+BB;request;150442RUB
1110475;Hotel 445;King Room+7 nights+BB;request;150443RUB
1110476;Hotel 446;King Room+7 nights+BB;request;150444RUB
1110477;Hotel 447;King Room+7 nights+BB;request;150445RUB
1110478;Hotel 448;King Room+7 nights+BB;request;150446RUB
1110479;Hotel 449;King Room+7 nights+BB;request;150447RUB
1110480;Hotel 450;King Room+7 nights+BB;request;150448RUB
1110481;Hotel 451;King Room+7 nights+BB;request;150449RUB
1110482;Hotel 452;King Room+7 nights+BB;request;150450RUB
1110483;Hotel 453;King Room+7 nights+BB;request;150451RUB
1110484;Hotel 454;King Room+7 nights+BB;request;150452RUB
1110485;Hotel 455;King Room+7 nights+BB;request;150453RUB
1110486;Hotel 456;King Room+7 nights+BB;request;150454RUB
1110487;Hotel 457;King Room+7 nights+BB;request;150455RUB
1110488;Hotel 458;King Room+7 nights+BB;request;150456RUB
1110489;Hotel 459;King Room+7 nights+BB;request;150457RUB
1110490;Hotel 460;King Room+7 nights+BB;request;150458RUB
1110491;Hotel 461;King Room+7 nights+BB;request;150459RUB
1110492;Hotel 462;King Room+7 nights+BB;request;150460RUB
1110493;Hotel 463;King Room+7 nights+BB;request;150461RUB
1110494;Hotel 464;King Room+7 nights+BB;request;150462RUB
1110495;Hotel 465;King Room+7 nights+BB;request;150463RUB
1110496;Hotel 466;King Room+7 nights+BB;request;150464RUB
1110497;Hotel 467;King Room+7 nights+BB;request;150465RUB
1110498;Hotel 468;King Room+7 nights+BB;request;150466RUB
1110499;Hotel 469;King Room+7 nights+BB;request;150467RUB
1110500;Hotel 470;King Room+7 nights+BB;request;150468RUB
1110501;Hotel 471;King Room+7 nights+BB;request;150469RUB
1110502;Hotel 472;King Room+7 nights+BB;request;150470RUB
1110503;Hotel 473;King Room+7 nights+BB;request;150471RUB
1110504;Hotel 474;King Room+7 nights+BB;request;150472RUB
1110505;Hotel 475;King Room+7 nights+BB;request;150473RUB
1110506;Hotel 476;King Room+7 nights+BB;request;150474RUB
1110507;Hotel 477;King Room+7 nights+BB;request;150475RUB
1110508;Hotel 478;King Room+7 nights+BB;request;150476RUB
1110509;Hotel 479;King Room+7 nights+BB;request;150477RUB
1110510;Hotel 480;King Room+7 nights+BB;request;150478RUB
1110511;Hotel 481;King Room+7 nights+BB;request;150479RUB
1110512;Hotel 482;King Room+7 nights+BB;request;150480RUB
1110513;Hotel 483;King Room+7 nights+BB;request;150481RUB
1110514;Hotel 484;King Room+7 nights+BB;request;150482RUB
1110515;Hotel 485;King Room+7 nights+BB;request;150483RUB
1110516;Hotel 486;King Room+7 nights+BB;request;150484RUB
1110517;Hotel 487;King Room+7 nights+BB;request;150485RUB
1110518;Hotel 488;King Room+7 nights+BB;request;150486RUB
1110519;Hotel 489;King Room+7 nights+BB;request;150487RUB
1110520;Hotel 490;King Room+7 nights+BB;request;150488RUB
1110521;Hotel 491;King Room+7 nights+BB;request;150489RUB
1110522;Hotel 492;King Room+7 nights+BB;request;150490RUB
1110523;Hotel 493;King Room+7 nights+BB;request;150491RUB
1110524;Hotel 494;King Room+7 nights+BB;request;150492RUB
1110525;Hotel 495;King Room+7 nights+BB;request;150493RUB
1110526;Hotel 496;King Room+7 nights+BB;request;150494RUB
1110527;Hotel 497;King Room+7 nights+BB;request;150495RUB
1110528;Hotel 498;King Room+7 nights+BB;request;150496RUB
1110529;Hotel 499;King Room+7 nights+BB;request;150497RUB
1110530;Hotel 500;King Room+7 nights+BB;request;150498RUB
1110531;Hotel 501;King Room+7 nights+BB;request;150499RUB
1110532;Hotel 502;King Room+7 nights+BB;request;150500RUB
1110533;Hotel 503;King Room+7 nights+BB;request;150501RUB
1110534;Hotel 504;King Room+7 nights+BB;request;150502RUB
1110535;Hotel 505;King Room+7 nights+BB;request;150503RUB
1110536;Hotel 506;King Room+7 nights+BB;request;150504RUB
1110537;Hotel 507;King Room+7 nights+BB;request;150505RUB
1110538;Hotel 508;King Room+7 nights+BB;request;150506RUB
1110539;Hotel 509;King Room+7 nights+BB;request;150507RUB
1110540;Hotel 510;King Room+7 nights+BB;request;150508RUB
1110541;Hotel 511;King Room+7 nights+BB;request;150509RUB
1110542;Hotel 512;King Room+7 nights+BB;request;150510RUB
1110543;Hotel 513;King Room+7 nights+BB;request;150511RUB
1110544;Hotel 514;King Room+7 nights+BB;request;150512RUB
1110545;Hotel 515;King Room+7 nights+BB;request;150513RUB
1110546;Hotel 516;King Room+7 nights+BB;request;150514RUB
1110547;Hotel 517;King Room+7 nights+BB;request;150515RUB
1110548;Hotel 518;King Room+7 nights+BB;request;150516RUB
1110549;Hotel 519;King Room+7 nights+BB;request;150517RUB
1110550;Hotel 520;King Room+7 nights+BB;request;150518RUB
1110551;Hotel 521;King Room+7 nights+BB;request;150519RUB
1110552;Hotel 522;King Room+7 nights+BB;request;150520RUB
1110553;Hotel 523;King Room+7 nights+BB;request;150521RUB
1110554;Hotel 524;King Room+7 nights+BB;request;150522RUB
1110555;Hotel 525;King Room+7 nights+BB;request;150523RUB
1110556;Hotel 526;King Room+7 nights+BB;request;150524RUB
1110557;Hotel 527;King Room+7 nights+BB;request;150525RUB
1110558;Hotel 528;King Room+7 nights+BB;request;150526RUB
1110559;Hotel 529;King Room+7 nights+BB;request;150527RUB
1110560;Hotel 530;King Room+7 nights+BB;request;150528RUB
1110561;Hotel 531;King Room+7 nights+BB;request;150529RUB
1110562;Hotel 532;King Room+7 nights+BB;request;150530RUB
1110563;Hotel 533;King Room+7 nights+BB;request;150531RUB
1110564;Hotel 534;King Room+7 nights+BB;request;150532RUB
1110565;Hotel 535;King Room+7 nights+BB;request;150533RUB
1110566;Hotel 536;King Room+7 nights+BB;request;150534RUB
1110567;Hotel 537;King Room+7 nights+BB;request;150535RUB
1110568;Hotel 538;King Room+7 nights+BB;request;150536RUB
1110569;Hotel 539;King Room+7 nights+BB;request;150537RUB
1110570;Hotel 540;King Room+7 nights+BB;request;150538RUB
1110571;Hotel 541;King Room+7 nights+BB;request;150539RUB
1110572;Hotel 542;King Room+7 nights+BB;request;150540RUB
1110573;Hotel 543;King Room+7 nights+BB;request;150541RUB
1110574;Hotel 544;King Room+7 nights+BB;request;150542RUB
1110575;Hotel 545;King Room+7 nights+BB;request;150543RUB
1110576;Hotel 546;King Room+7 nights+BB;request;150544RUB
1110577;Hotel 547;King Room+7 nights+BB;request;150545RUB
1110578;Hotel 548;King Room+7 nights+BB;request;150546RUB
1110579;Hotel 549;King Room+7 nights+BB;request;150547RUB
1110580;Hotel 550;King Room+7 nights+BB;request;150548RUB
1110581;Hotel 551;King Room+7 nights+BB;request;150549RUB
1110582;Hotel 552;King Room+7 nights+BB;request;150550RUB
1110583;Hotel 553;King Room+7 nights+BB;request;150551RUB
1110584;Hotel 554;King Room+7 nights+BB;request;150552RUB
1110585;Hotel 555;King Room+7 nights+BB;request;150553RUB
1110586;Hotel 556;King Room+7 nights+BB;request;150554RUB
1110587;Hotel 557;King Room+7 nights+BB;request;150555RUB
1110588;Hotel 558;King Room+7 nights+BB;request;150556RUB
1110589;Hotel 559;King Room+7 nights+BB;request;150557RUB
1110590;Hotel 560;King Room+7 nights+BB;request;150558RUB
1110591;Hotel 561;King Room+7 nights+BB;request;150559RUB
1110592;Hotel 562;King Room+7 nights+BB;request;150560RUB
1110593;Hotel 563;King Room+7 nights+BB;request;150561RUB
1110594;Hotel 564;King Room+7 nights+BB;request;150562RUB
1110595;Hotel 565;King Room+7 nights+BB;request;150563RUB
1110596;Hotel 566;King Room+7 nights+BB;request;150564RUB
1110597;Hotel 567;King Room+7 nights+BB;request;150565RUB
1110598;Hotel 568;King Room+7 nights+BB;request;150566RUB
1110599;Hotel 569;King Room+7 nights+BB;request;150567RUB
1110600;Hotel 570;King Room+7 nights+BB;request;150568RUB
1110601;Hotel 571;King Room+7 nights+BB;request;150569RUB
1110602;Hotel 572;King Room+7 nights+BB;request;150570RUB
1110603;Hotel 573;King Room+7 nights+BB;request;150571RUB
1110604;Hotel 574;King Room+7 nights+BB;request;150572RUB
1110605;Hotel 575;King Room+7 nights+BB;request;150573RUB
1110606;Hotel 576;King Room+7 nights+BB;request;150574RUB
1110607;Hotel 577;King Room+7 nights+BB;request;150575RUB
1110608;Hotel 578;King Room+7 nights+BB;request;150576RUB
1110609;Hotel 579;King Room+7 nights+BB;request;150577RUB
1110610;Hotel 580;King Room+7 nights+BB;request;150578RUB
1110611;Hotel 581;King Room+7 nights+BB;request;150579RUB
1110612;Hotel 582;King Room+7 nights+BB;request;150580RUB
1110613;Hotel 583;King Room+7 nights+BB;request;150581RUB
1110614;Hotel 584;King Room+7 nights+BB;request;150582RUB
1110615;Hotel 585;King Room+7 nights+BB;request;150583RUB
1110616;Hotel 586;King Room+7 nights+BB;request;150584RUB
1110617;Hotel 587;King Room+7 nights+BB;request;150585RUB
1110618;Hotel 588;King Room+7 nights+BB;request;150586RUB
1110619;Hotel 589;King Room+7 nights+BB;request;150587RUB
1110620;Hotel 590;King Room+7 nights+BB;request;150588RUB
1110621;Hotel 591;King Room+7 nights+BB;request;150589RUB
1110622;Hotel 592;King Room+7 nights+BB;request;150590RUB
1110623;Hotel 593;King Room+7 nights+BB;request;150591RUB
1110624;Hotel 594;King Room+7 nights+BB;request;150592RUB
1110625;Hotel 595;King Room+7 nights+BB;request;150593RUB
1110626;Hotel 596;King Room+7 nights+BB;request;150594RUB
1110627;Hotel 597;King Room+7 nights+BB;request;150595RUB
1110628;Hotel 598;King Room+7 nights+BB;request;150596RUB
1110629;Hotel 599;King Room+7 nights+BB;request;150597RUB
1110630;Hotel 600;King Room+7 nights+BB;request;150598RUB
1110631;Hotel 601;King Room+7 nights+BB;request;150599RUB
1110632;Hotel 602;King Room+7 nights+BB;request;150600RUB
1110633;Hotel 603;King Room+7 nights+BB;request;150601RUB
1110634;Hotel 604;King Room+7 nights+BB;request;150602RUB
1110635;Hotel 605;King Room+7 nights+BB;request;150603RUB
1110636;Hotel 606;King Room+7 nights+BB;request;150604RUB
1110637;Hotel 607;King Room+7 nights+BB;request;150605RUB
1110638;Hotel 608;King Room+7 nights+BB;request;150606RUB
1110639;Hotel 609;King Room+7 nights+BB;request;150607RUB
1110640;Hotel 610;King Room+7 nights+BB;request;150608RUB
1110641;Hotel 611;King Room+7 nights+BB;request;150609RUB
1110642;Hotel 612;King Room+7 nights+BB;request;150610RUB
1110643;Hotel 613;King Room+7 nights+BB;request;150611RUB
1110644;Hotel 614;King Room+7 nights+BB;request;150612RUB
1110645;Hotel 615;King Room+7 nights+BB;request;150613RUB
1110646;Hotel 616;King Room+7 nights+BB;request;150614RUB
1110647;Hotel 617;King Room+7 nights+BB;request;150615RUB
1110648;Hotel 618;King Room+7 nights+BB;request;150616RUB
1110649;Hotel 619;King Room+7 nights+BB;request;150617RUB
1110650;Hotel 620;King Room+7 nights+BB;request;150618RUB
1110651;Hotel 621;King Room+7 nights+BB;request;150619RUB
1110652;Hotel 622;King Room+7 nights+BB;request;150620RUB
1110653;Hotel 623;King Room+7 nights+BB;request;150621RUB
1110654;Hotel 624;King Room+7 nights+BB;request;150622RUB
1110655;Hotel 625;King Room+7 nights+BB;request;150623RUB
1110656;Hotel 626;King Room+7 nights+BB;request;150624RUB
1110657;Hotel 627;King Room+7 nights+BB;request;150625RUB
1110658;Hotel 628;King Room+7 nights+BB;request;150626RUB
1110659;Hotel 629;King Room+7 nights+BB;request;150627RUB
1110660;Hotel 630;King Room+7 nights+BB;request;150628RUB
1110661;Hotel 631;King Room+7 nights+BB;request;150629RUB
1110662;Hotel 632;King Room+7 nights+BB;request;150630RUB
1110663;Hotel 633;King Room+7 nights+BB;request;150631RUB
1110664;Hotel 634;King Room+7 nights+BB;request;150632RUB
1110665;Hotel 635;King Room+7 nights+BB;request;150633RUB
1110666;Hotel 636;King Room+7 nights+BB;request;150634RUB
1110667;Hotel 637;King Room+7 nights+BB;request;150635RUB
1110668;Hotel 638;King Room+7 nights+BB;request;150636RUB
1110669;Hotel 639;King Room+7 nights+BB;request;150637RUB
1110670;Hotel 640;King Room+7 nights+BB;request;150638RUB
1110671;Hotel 641;King Room+7 nights+BB;request;150639RUB
1110672;Hotel 642;King Room+7 nights+BB;request;150640RUB
1110673;Hotel 643;King Room+7 nights+BB;request;150641RUB
1110674;Hotel 644;King Room+7 nights+BB;request;150642RUB
1110675;Hotel 645;King Room+7 nights+BB;request;150643RUB
1110676;Hotel 646;King Room+7 nights+BB;request;150644RUB
1110677;Hotel 647;King Room+7 nights+BB;request;150645RUB
1110678;Hotel 648;King Room+7 nights+BB;request;150646RUB
1110679;Hotel 649;King Room+7 nights+BB;request;150647RUB
1110680;Hotel 650;King Room+7 nights+BB;request;150648RUB
1110681;Hotel 651;King Room+7 nights+BB;request;150649RUB
1110682;Hotel 652;King Room+7 nights+BB;request;150650RUB
1110683;Hotel 653;King Room+7 nights+BB;request;150651RUB
1110684;Hotel 654;King Room+7 nights+BB;request;150652RUB
1110685;Hotel 655;King Room+7 nights+BB;request;150653RUB
1110686;Hotel 656;King Room+7 nights+BB;request;150654RUB
1110687;Hotel 657;King Room+7 nights+BB;request;150655RUB
1110688;Hotel 658;King Room+7 nights+BB;request;150656RUB
1110689;Hotel 659;King Room+7 nights+BB;request;150657RUB
1110690;Hotel 660;King Room+7 nights+BB;request;150658RUB
1110691;Hotel 661;King Room+7 nights+BB;request;150659RUB
1110692;Hotel 662;King Room+7 nights+BB;request;150660RUB
1110693;Hotel 663;King Room+7 nights+BB;request;150661RUB
1110694;Hotel 664;King Room+7 nights+BB;request;150662RUB
1110695;Hotel 665;King Room+7 nights+BB;request;150663RUB
1110696;Hotel 666;King Room+7 nights+BB;request;150664RUB
1110697;Hotel 667;King Room+7 nights+BB;request;150665RUB
1110698;Hotel 668;King Room+7 nights+BB;request;150666RUB
1110699;Hotel 669;King Room+7 nights+BB;request;150667RUB
1110700;Hotel 670;King Room+7 nights+BB;request;150668RUB
1110701;Hotel 671;King Room+7 nights+BB;request;150669RUB
1110702;Hotel 672;King Room+7 nights+BB;request;150670RUB
1110703;Hotel 673;King Room+7 nights+BB;request;150671RUB
1110704;Hotel 674;King Room+7 nights+BB;request;150672RUB
1110705;Hotel 675;King Room+7 nights+BB;request;150673RUB
1110706;Hotel 676;King Room+7 nights+BB;request;150674RUB
1110707;Hotel 677;King Room+7 nights+BB;request;150675RUB
1110708;Hotel 678;King Room+7 nights+BB;request;150676RUB
1110709;Hotel 679;King Room+7 nights+BB;request;150677RUB
1110710;Hotel 680;King Room+7 nights+BB;request;150678RUB
1110711;Hotel 681;King Room+7 nights+BB;request;150679RUB
1110712;Hotel 682;King Room+7 nights+BB;request;150680RUB
1110713;Hotel 683;King Room+7 nights+BB;request;150681RUB
1110714;Hotel 684;King Room+7 nights+BB;request;150682RUB
1110715;Hotel 685;King Room+7 nights+BB;request;150683RUB
1110716;Hotel 686;King Room+7 nights+BB;request;150684RUB
1110717;Hotel 687;King Room+7 nights+BB;request;150685RUB
1110718;Hotel 688;King Room+7 nights+BB;request;150686RUB
1110719;Hotel 689;King Room+7 nights+BB;request;150687RUB
1110720;Hotel 690;King Room+7 nights+BB;request;150688RUB
1110721;Hotel 691;King Room+7 nights+BB;request;150689RUB
1110722;Hotel 692;King Room+7 nights+BB;request;150690RUB
1110723;Hotel 693;King Room+7 nights+BB;request;150691RUB
1110724;Hotel 694;King Room+7 nights+BB;request;150692RUB
1110725;Hotel 695;King Room+7 nights+BB;request;150693RUB
1110726;Hotel 696;King Room+7 nights+BB;request;150694RUB
1110727;Hotel 697;King Room+7 nights+BB;request;150695RUB
1110728;Hotel 698;King Room+7 nights+BB;request;150696RUB
1110729;Hotel 699;King Room+7 nights+BB;request;150697RUB
1110730;Hotel 700;King Room+7 nights+BB;request;150698RUB
1110731;Hotel 701;King Room+7 nights+BB;request;150699RUB
1110732;Hotel 702;King Room+7 nights+BB;request;150700RUB
1110733;Hotel 703;King Room+7 nights+BB;request;150701RUB
1110734;Hotel 704;King Room+7 nights+BB;request;150702RUB
1110735;Hotel 705;King Room+7 nights+BB;request;150703RUB
1110736;Hotel 706;King Room+7 nights+BB;request;150704RUB
1110737;Hotel 707;King Room+7 nights+BB;request;150705RUB
1110738;Hotel 708;King Room+7 nights+BB;request;150706RUB
1110739;Hotel 709;King Room+7 nights+BB;request;150707RUB
1110740;Hotel 710;King Room+7 nights+BB;request;150708RUB
1110741;Hotel 711;King Room+7 nights+BB;request;150709RUB
1110742;Hotel 712;King Room+7 nights+BB;request;150710RUB
1110743;Hotel 713;King Room+7 nights+BB;request;150711RUB
1110744;Hotel 714;King Room+7 nights+BB;request;150712RUB
1110745;Hotel 715;King Room+7 nights+BB;request;150713RUB
1110746;Hotel 716;King Room+7 nights+BB;request;150714RUB
1110747;Hotel 717;King Room+7 nights+BB;request;150715RUB
1110748;Hotel 718;King Room+7 nights+BB;request;150716RUB
1110749;Hotel 719;King Room+7 nights+BB;request;150717RUB
1110750;Hotel 720;King Room+7 nights+BB;request;150718RUB
1110751;Hotel 721;King Room+7 nights+BB;request;150719RUB
1110752;Hotel 722;King Room+7 nights+BB;request;150720RUB
1110753;Hotel 723;King Room+7 nights+BB;request;150721RUB
1110754;Hotel 724;King Room+7 nights+BB;request;150722RUB
1110755;Hotel 725;King Room+7 nights+BB;request;150723RUB
1110756;Hotel 726;King Room+7 nights+BB;request;150724RUB
1110757;Hotel 727;King Room+7 nights+BB;request;150725RUB
1110758;Hotel 728;King Room+7 nights+BB;request;150726RUB
1110759;Hotel 729;King Room+7 nights+BB;request;150727RUB
1110760;Hotel 730;King Room+7 nights+BB;request;150728RUB
1110761;Hotel 731;King Room+7 nights+BB;request;150729RUB
1110762;Hotel 732;King Room+7 nights+BB;request;150730RUB
1110763;Hotel 733;King Room+7 nights+BB;request;150731RUB
1110764;Hotel 734;King Room+7 nights+BB;request;150732RUB
1110765;Hotel 735;King Room+7 nights+BB;request;150733RUB
1110766;Hotel 736;King Room+7 nights+BB;request;150734RUB
1110767;Hotel 737;King Room+7 nights+BB;request;150735RUB
1110768;Hotel 738;King Room+7 nights+BB;request;150736RUB
1110769;Hotel 739;King Room+7 nights+BB;request;150737RUB
1110770;Hotel 740;King Room+7 nights+BB;request;150738RUB
1110771;Hotel 741;King Room+7 nights+BB;request;150739RUB
1110772;Hotel 742;King Room+7 nights+BB;request;150740RUB
1110773;Hotel 743;King Room+7 nights+BB;request;150741RUB
1110774;Hotel 744;King Room+7 nights+BB;request;150742RUB
1110775;Hotel 745;King Room+7 nights+BB;request;150743RUB
1110776;Hotel 746;King Room+7 nights+BB;request;150744RUB
1110777;Hotel 747;King Room+7 nights+BB;request;150745RUB
1110778;Hotel 748;King Room+7 nights+BB;request;150746RUB
1110779;Hotel 749;King Room+7 nights+BB;request;150747RUB
1110780;Hotel 750;King Room+7 nights+BB;request;150748RUB
1110781;Hotel 751;King Room+7 nights+BB;request;150749RUB
1110782;Hotel 752;King Room+7 nights+BB;request;150750RUB
1110783;Hotel 753;King Room+7 nights+BB;request;150751RUB
1110784;Hotel 754;King Room+7 nights+BB;request;150752RUB
1110785;Hotel 755;King Room+7 nights+BB;request;150753RUB
1110786;Hotel 756;King Room+7 nights+BB;request;150754RUB
1110787;Hotel 757;King Room+7 nights+BB;request;150755RUB
1110788;Hotel 758;King Room+7 nights+BB;request;150756RUB
1110789;Hotel 759;King Room+7 nights+BB;request;150757RUB
1110790;Hotel 760;King Room+7 nights+BB;request;150758RUB
1110791;Hotel 761;King Room+7 nights+BB;request;150759RUB
1110792;Hotel 762;King Room+7 nights+BB;request;150760RUB
1110793;Hotel 763;King Room+7 nights+BB;request;150761RUB
1110794;Hotel 764;King Room+7 nights+BB;request;150762RUB
1110795;Hotel 765;King Room+7 nights+BB;request;150763RUB
1110796;Hotel 766;King Room+7 nights+BB;request;150764RUB
1110797;Hotel 767;King Room+7 nights+BB;request;150765RUB
1110798;Hotel 768;King Room+7 nights+BB;request;150766RUB
1110799;Hotel 769;King Room+7 nights+BB;request;150767RUB
1110800;Hotel 770;King Room+7 nights+BB;request;150768RUB
1110801;Hotel 771;King Room+7 nights+BB;request;150769RUB
1110802;Hotel 772;King Room+7 nights+BB;request;150770RUB
1110803;Hotel 773;King Room+7 nights+BB;request;150771RUB
1110804;Hotel 774;King Room+7 nights+BB;request;150772RUB
1110805;Hotel 775;King Room+7 nights+BB;request;150773RUB
1110806;Hotel 776;King Room+7 nights+BB;request;150774RUB
1110807;Hotel 777;King Room+7 nights+BB;request;150775RUB
1110808;Hotel 778;King Room+7 nights+BB;request;150776RUB
1110809;Hotel 779;King Room+7 nights+BB;request;150777RUB
1110810;Hotel 780;King Room+7 nights+BB;request;150778RUB
1110811;Hotel 781;King Room+7 nights+BB;request;150779RUB
1110812;Hotel 782;King Room+7 nights+BB;request;150780RUB
1110813;Hotel 783;King Room+7 nights+BB;request;150781RUB
1110814;Hotel 784;King Room+7 nights+BB;request;150782RUB
1110815;Hotel 785;King Room+7 nights+BB;request;150783RUB
1110816;Hotel 786;King Room+7 nights+BB;request;150784RUB
1110817;Hotel 787;King Room+7 nights+BB;request;150785RUB
1110818;Hotel 788;King Room+7 nights+BB;request;150786RUB
1110819;Hotel 789;King Room+7 nights+BB;request;150787RUB
1110820;Hotel 790;King Room+7 nights+BB;request;150788RUB
1110821;Hotel 791;King Room+7 nights+BB;request;150789RUB
1110822;Hotel 792;King Room+7 nights+BB;request;150790RUB
1110823;Hotel 793;King Room+7 nights+BB;request;150791RUB
1110824;Hotel 794;King Room+7 nights+BB;request;150792RUB
1110825;Hotel 795;King Room+7 nights+BB;request;150793RUB
1110826;Hotel 796;King Room+7 nights+BB;request;150794RUB
1110827;Hotel 797;King Room+7 nights+BB;request;150795RUB
1110828;Hotel 798;King Room+7 nights+BB;request;150796RUB
1110829;Hotel 799;King Room+7 nights+BB;request;150797RUB
1110830;Hotel 800;King Room+7 nights+BB;request;150798RUB
1110831;Hotel 801;King Room+7 nights+BB;request;150799RUB
1110832;Hotel 802;King Room+7 nights+BB;request;150800RUB
1110833;Hotel 803;King Room+7 nights+BB;request;150801RUB
1110834;Hotel 804;King Room+7 nights+BB;request;150802RUB
1110835;Hotel 805;King Room+7 nights+BB;request;150803RUB
1110836;Hotel 806;King Room+7 nights+BB;request;150804RUB
1110837;Hotel 807;King Room+7 nights+BB;request;150805RUB
1110838;Hotel 808;King Room+7 nights+BB;request;150806RUB
1110839;Hotel 809;King Room+7 nights+BB;request;150807RUB
1110840;Hotel 810;King Room+7 nights+BB;request;150808RUB
1110841;Hotel 811;King Room+7 nights+BB;request;150809RUB
1110842;Hotel 812;King Room+7 nights+BB;request;150810RUB
1110843;Hotel 813;King Room+7 nights+BB;request;150811RUB
1110844;Hotel 814;King Room+7 nights+BB;request;150812RUB
1110845;Hotel 815;King Room+7 nights+BB;request;150813RUB
1110846;Hotel 816;King Room+7 nights+BB;request;150814RUB
1110847;Hotel 817;King Room+7 nights+BB;request;150815RUB
1110848;Hotel 818;King Room+7 nights+BB;request;150816RUB
1110849;Hotel 819;King Room+7 nights+BB;request;150817RUB
1110850;Hotel 820;King Room+7 nights+BB;request;150818RUB
1110851;Hotel 821;King Room+7 nights+BB;request;150819RUB
1110852;Hotel 822;King Room+7 nights+BB;request;150820RUB
1110853;Hotel 823;King Room+7 nights+BB;request;150821RUB
1110854;Hotel 824;King Room+7 nights+BB;request;150822RUB
1110855;Hotel 825;King Room+7 nights+BB;request;150823RUB
1110856;Hotel 826;King Room+7 nights+BB;request;150824RUB
1110857;Hotel 827;King Room+7 nights+BB;request;150825RUB
1110858;Hotel 828;King Room+7 nights+BB;request;150826RUB
1110859;Hotel 829;King Room+7 nights+BB;request;150827RUB
1110860;Hotel 830;King Room+7 nights+BB;request;150828RUB
1110861;Hotel 831;King Room+7 nights+BB;request;150829RUB
1110862;Hotel 832;King Room+7 nights+BB;request;150830RUB
1110863;Hotel 833;King Room+7 nights+BB;request;150831RUB
1110864;Hotel 834;King Room+7 nights+BB;request;150832RUB
1110865;Hotel 835;King Room+7 nights+BB;request;150833RUB
1110866;Hotel 836;King Room+7 nights+BB;request;150834RUB
1110867;Hotel 837;King Room+7 nights+BB;request;150835RUB
1110868;Hotel 838;King Room+7 nights+BB;request;150836RUB
1110869;Hotel 839;King Room+7 nights+BB;request;150837RUB
1110870;Hotel 840;King Room+7 nights+BB;request;150838RUB
1110871;Hotel 841;King Room+7 nights+BB;request;150839RUB
1110872;Hotel 842;King Room+7 nights+BB;request;150840RUB
1110873;Hotel 843;King Room+7 nights+BB;request;150841RUB
1110874;Hotel 844;King Room+7 nights+BB;request;150842RUB
1110875;Hotel 845;King Room+7 nights+BB;request;150843RUB
1110876;Hotel 846;King Room+7 nights+BB;request;150844RUB
1110877;Hotel 847;King Room+7 nights+BB;request;150845RUB
1110878;Hotel 848;King Room+7 nights+BB;request;150846RUB
1110879;Hotel 849;King Room+7 nights+BB;request;150847RUB
1110880;Hotel 850;King Room+7 nights+BB;request;150848RUB
1110881;Hotel 851;King Room+7 nights+BB;request;150849RUB
1110882;Hotel 852;King Room+7 nights+BB;request;150850RUB
1110883;Hotel 853;King Room+7 nights+BB;request;150851RUB
1110884;Hotel 854;King Room+7 nights+BB;request;150852RUB
1110885;Hotel 855;King Room+7 nights+BB;request;150853RUB
1110886;Hotel 856;King Room+7 nights+BB;request;150854RUB
1110887;Hotel 857;King Room+7 nights+BB;request;150855RUB
1110888;Hotel 858;King Room+7 nights+BB;request;150856RUB
1110889;Hotel 859;King Room+7 nights+BB;request;150857RUB
1110890;Hotel 860;King Room+7 nights+BB;request;150858RUB
1110891;Hotel 861;King Room+7 nights+BB;request;150859RUB
1110892;Hotel 862;King Room+7 nights+BB;request;150860RUB
1110893;Hotel 863;King Room+7 nights+BB;request;150861RUB
1110894;Hotel 864;King Room+7 nights+BB;request;150862RUB
1110895;Hotel 865;King Room+7 nights+BB;request;150863RUB
1110896;Hotel 866;King Room+7 nights+BB;request;150864RUB
1110897;Hotel 867;King Room+7 nights+BB;request;150865RUB
1110898;Hotel 868;King Room+7 nights+BB;request;150866RUB
1110899;Hotel 869;King Room+7 nights+BB;request;150867RUB
1110900;Hotel 870;King Room+7 nights+BB;request;150868RUB
1110901;Hotel 871;King Room+7 nights+BB;request;150869RUB
1110902;Hotel 872;King Room+7 nights+BB;request;150870RUB
1110903;Hotel 873;King Room+7 nights+BB;request;150871RUB
1110904;Hotel 874;King Room+7 nights+BB;request;150872RUB
1110905;Hotel 875;King Room+7 nights+BB;request;150873RUB
1110906;Hotel 876;King Room+7 nights+BB;request;150874RUB
1110907;Hotel 877;King Room+7 nights+BB;request;150875RUB
1110908;Hotel 878;King Room+7 nights+BB;request;150876RUB
1110909;Hotel 879;King Room+7 nights+BB;request;150877RUB
1110910;Hotel 880;King Room+7 nights+BB;request;150878RUB
1110911;Hotel 881;King Room+7 nights+BB;request;150879RUB
1110912;Hotel 882;King Room+7 nights+BB;request;150880RUB
1110913;Hotel 883;King Room+7 nights+BB;request;150881RUB
1110914;Hotel 884;King Room+7 nights+BB;request;150882RUB
1110915;Hotel 885;King Room+7 nights+BB;request;150883RUB
1110916;Hotel 886;King Room+7 nights+BB;request;150884RUB
1110917;Hotel 887;King Room+7 nights+BB;request;150885RUB
1110918;Hotel 888;King Room+7 nights+BB;request;150886RUB
1110919;Hotel 889;King Room+7 nights+BB;request;150887RUB
1110920;Hotel 890;King Room+7 nights+BB;request;150888RUB
1110921;Hotel 891;King Room+7 nights+BB;request;150889RUB
1110922;Hotel 892;King Room+7 nights+BB;request;150890RUB
1110923;Hotel 893;King Room+7 nights+BB;request;150891RUB
1110924;Hotel 894;King Room+7 nights+BB;request;150892RUB
1110925;Hotel 895;King Room+7 nights+BB;request;150893RUB
1110926;Hotel 896;King Room+7 nights+BB;request;150894RUB
1110927;Hotel 897;King Room+7 nights+BB;request;150895RUB
1110928;Hotel 898;King Room+7 nights+BB;request;150896RUB
1110929;Hotel 899;King Room+7 nights+BB;request;150897RUB
1110930;Hotel 900;King Room+7 nights+BB;request;150898RUB
1110931;Hotel 901;King Room+7 nights+BB;request;150899RUB
1110932;Hotel 902;King Room+7 nights+BB;request;150900RUB
1110933;Hotel 903;King Room+7 nights+BB;request;150901RUB
1110934;Hotel 904;King Room+7 nights+BB;request;150902RUB
1110935;Hotel 905;King Room+7 nights+BB;request;150903RUB
1110936;Hotel 906;King Room+7 nights+BB;request;150904RUB
1110937;Hotel 907;King Room+7 nights+BB;request;150905RUB
1110938;Hotel 908;King Room+7 nights+BB;request;150906RUB
1110939;Hotel 909;King Room+7 nights+BB;request;150907RUB
1110940;Hotel 910;King Room+7 nights+BB;request;150908RUB
1110941;Hotel 911;King Room+7 nights+BB;request;150909RUB
1110942;Hotel 912;King Room+7 nights+BB;request;150910RUB
1110943;Hotel 913;King Room+7 nights+BB;request;150911RUB
1110944;Hotel 914;King Room+7 nights+BB;request;150912RUB
1110945;Hotel 915;King Room+7 nights+BB;request;150913RUB
1110946;Hotel 916;King Room+7 nights+BB;request;150914RUB
1110947;Hotel 917;King Room+7 nights+BB;request;150915RUB
1110948;Hotel 918;King Room+7 nights+BB;request;150916RUB
1110949;Hotel 919;King Room+7 nights+BB;request;150917RUB
1110950;Hotel 920;King Room+7 nights+BB;request;150918RUB
1110951;Hotel 921;King Room+7 nights+BB;request;150919RUB
1110952;Hotel 922;King Room+7 nights+BB;request;150920RUB
1110953;Hotel 923;King Room+7 nights+BB;request;150921RUB
1110954;Hotel 924;King Room+7 nights+BB;request;150922RUB
1110955;Hotel 925;King Room+7 nights+BB;request;150923RUB
1110956;Hotel 926;King Room+7 nights+BB;request;150924RUB
1110957;Hotel 927;King Room+7 nights+BB;request;150925RUB
1110958;Hotel 928;King Room+7 nights+BB;request;150926RUB
1110959;Hotel 929;King Room+7 nights+BB;request;150927RUB
1110960;Hotel 930;King Room+7 nights+BB;request;150928RUB
1110961;Hotel 931;King Room+7 nights+BB;request;150929RUB
1110962;Hotel 932;King Room+7 nights+BB;request;150930RUB
1110963;Hotel 933;King Room+7 nights+BB;request;150931RUB
1110964;Hotel 934;King Room+7 nights+BB;request;150932RUB
1110965;Hotel 935;King Room+7 nights+BB;request;150933RUB
1110966;Hotel 936;King Room+7 nights+BB;request;150934RUB
1110967;Hotel 937;King Room+7 nights+BB;request;150935RUB
1110968;Hotel 938;King Room+7 nights+BB;request;150936RUB
1110969;Hotel 939;King Room+7 nights+BB;request;150937RUB
1110970;Hotel 940;King Room+7 nights+BB;request;150938RUB
1110971;Hotel 941;King Room+7 nights+BB;request;150939RUB
1110972;Hotel 942;King Room+7 nights+BB;request;150940RUB
1110973;Hotel 943;King Room+7 nights+BB;request;150941RUB
1110974;Hotel 944;King Room+7 nights+BB;request;150942RUB
1110975;Hotel 945;King Room+7 nights+BB;request;150943RUB
1110976;Hotel 946;King Room+7 nights+BB;request;150944RUB
1110977;Hotel 947;King Room+7 nights+BB;request;150945RUB
1110978;Hotel 948;King Room+7 nights+BB;request;150946RUB
1110979;Hotel 949;King Room+7 nights+BB;request;150947RUB
1110980;Hotel 950;King Room+7 nights+BB;request;150948RUB
1110981;Hotel 951;King Room+7 nights+BB;request;150949RUB
1110982;Hotel 952;King Room+7 nights+BB;request;150950RUB
1110983;Hotel 953;King Room+7 nights+BB;request;150951RUB
1110984;Hotel 954;King Room+7 nights+BB;request;150952RUB
1110985;Hotel 955;King Room+7 nights+BB;request;150953RUB
1110986;Hotel 956;King Room+7 nights+BB;request;150954RUB
1110987;Hotel 957;King Room+7 nights+BB;request;150955RUB
1110988;Hotel 958;King Room+7 nights+BB;request;150956RUB
1110989;Hotel 959;King Room+7 nights+BB;request;150957RUB
1110990;Hotel 960;King Room+7 nights+BB;request;150958RUB
1110991;Hotel 961;King Room+7 nights+BB;request;150959RUB
1110992;Hotel 962;King Room+7 nights+BB;request;150960RUB
1110993;Hotel 963;King Room+7 nights+BB;request;150961RUB
1110994;Hotel 964;King Room+7 nights+BB;request;150962RUB
1110995;Hotel 965;King Room+7 nights+BB;request;150963RUB
1110996;Hotel 966;King Room+7 nights+BB;request;150964RUB
1110997;Hotel 967;King Room+7 nights+BB;request;150965RUB
1110998;Hotel 968;King Room+7 nights+BB;request;150966RUB
1110999;Hotel 969;King Room+7 nights+BB;request;150967RUB
1111000;Hotel 970;King Room+7 nights+BB;request;150968RUB
1111001;Hotel 971;King Room+7 nights+BB;request;150969RUB
1111002;Hotel 972;King Room+7 nights+BB;request;150970RUB
1111003;Hotel 973;King Room+7 nights+BB;request;150971RUB
1111004;Hotel 974;King Room+7 nights+BB;request;150972RUB
1111005;Hotel 975;King Room+7 nights+BB;request;150973RUB
1111006;Hotel 976;King Room+7 nights+BB;request;150974RUB
1111007;Hotel 977;King Room+7 nights+BB;request;150975RUB
1111008;Hotel 978;King Room+7 nights+BB;request;150976RUB
1111009;Hotel 979;King Room+7 nights+BB;request;150977RUB
1111010;Hotel 980;King Room+7 nights+BB;request;150978RUB
1111011;Hotel 981;King Room+7 nights+BB;request;150979RUB
1111012;Hotel 982;King Room+7 nights+BB;request;150980RUB
1111013;Hotel 983;King Room+7 nights+BB;request;150981RUB
1111014;Hotel 984;King Room+7 nights+BB;request;150982RUB
1111015;Hotel 985;King Room+7 nights+BB;request;150983RUB
1111016;Hotel 986;King Room+7 nights+BB;request;150984RUB
1111017;Hotel 987;King Room+7 nights+BB;request;150985RUB
1111018;Hotel 988;King Room+7 nights+BB;request;150986RUB
1111019;Hotel 989;King Room+7 nights+BB;request;150987RUB
1111020;Hotel 990;King Room+7 nights+BB;request;150988RUB
1111021;Hotel 991;King Room+7 nights+BB;request;150989RUB
1111022;Hotel 992;King Room+7 nights+BB;request;150990RUB
1111023;Hotel 993;King Room+7 nights+BB;request;150991RUB
1111024;Hotel 994;King Room+7 nights+BB;request;150992RUB
1111025;Hotel 995;King Room+7 nights+BB;request;150993RUB
1111026;Hotel 996;King Room+7 nights+BB;request;150994RUB
1111027;Hotel 997;King Room+7 nights+BB;request;150995RUB
1111028;Hotel 998;King Room+7 nights+BB;request;150996RUB
1111029;Hotel 999;King Room+7 nights+BB;request;150997RUB
1111030;Hotel 1000;King Room+7 nights+BB;request;150998RUB
1111031;Hotel 1001;King Room+7 nights+BB;request;150999RUB
1111032;Hotel 1002;King Room+7 nights+BB;request;151000RUB
1111033;Hotel 1003;King Room+7 nights+BB;request;151001RUB
1111034;Hotel 1004;King Room+7 nights+BB;request;151002RUB
1111035;Hotel 1005;King Room+7 nights+BB;request;151003RUB
1111036;Hotel 1006;King Room+7 nights+BB;request;151004RUB
1111037;Hotel 1007;King Room+7 nights+BB;request;151005RUB
1111038;Hotel 1008;King Room+7 nights+BB;request;151006RUB
1111039;Hotel 1009;King Room+7 nights+BB;request;151007RUB
1111040;Hotel 1010;King Room+7 nights+BB;request;151008RUB
1111041;Hotel 1011;King Room+7 nights+BB;request;151009RUB
1111042;Hotel 1012;King Room+7 nights+BB;request;151010RUB
1111043;Hotel 1013;King Room+7 nights+BB;request;151011RUB
1111044;Hotel 1014;King Room+7 nights+BB;request;151012RUB
1111045;Hotel 1015;King Room+7 nights+BB;request;151013RUB
